ZONA,"COLONIA, SECTOR O BARRIO",VALOR CATASTRAL UNITARIO ($/Mņ)
1A,UNIVERSIDAD DE SONORA,"$2,333.00"
1A,VALLE HERMOSO,"$2,333.00"
1B,CENTENARIO,"$4,322.00"
1C,LAS PALMAS,"$3,859.00"
1D,CENTRO,"$2,948.00"
1E,EL MALECON,"$2,382.00"
1F,SAN BENITO,"$2,294.00"
1G,CERRO DE LA CAMPANA,"$2,245.00"
1H,EL MARIACHI,"$1,935.00"
1I,CENTENARIO,"$4,873.00"
1J,CENTRO,"$2,453.00"
1K,CENTRO,"$2,120.00"
2A,COUNTRY CLUB ,$681.00
2A,EL MARIACHI,$681.00
2A,CAŠADA DE LOS NEGROS,$681.00
2A,CENTRO,$681.00
2A,COLOSO,$681.00
2B,EL MARIACHI,"$1,056.00"
2C,CAŠADA DE LOS NEGROS,$894.00
2C,CENTRO,$894.00
2D,5 DE MAYO ,$681.00
2E,CHINO ABELARDO,"$1,815.00"
2F,5 DE MAYO,"$1,575.00"
2F,COUNTRY CLUB ,"$1,575.00"
2G,SAN BENITO,"$2,938.00"
2H,CENTRO,"$2,289.00"
2I,SAN BENITO,"$2,971.00"
2J,COUNTRY CLUB II,"$3,216.00"
2K,CRUZ GALVEZ,"$3,041.00"
2L,CONDOMINIOS SKY PITIC,"$7,428.00"
3A,PITIC,"$6,637.00"
3A,PERIODISTA,"$6,637.00"
3B,PITIC ,"$6,573.00"
3C,PITIC ,"$6,079.00"
3D,PITIC ,"$7,042.00"
3E,PITIC ,"$2,349.00"
3F,PERIODISTA,"$3,822.00"
3G,PERIODISTA,"$2,741.00"
3H,SECTOR SIN LOTIFICAR,$512.00
3I,"ALATORRE 1122, MANZANA","$6,382.00"
3J,"ALATORRE 1122, TORRE ESTE","$12,105.00"
3K,PARKVIEW,"$14,584.00"
3L,AMBAR,"$15,139.00"
4A,BALDERRAMA,"$1,967.00"
4B,PIMENTEL,"$1,733.00"
4B,OLIVARES,"$1,733.00"
4C,BALDERRAMA,"$1,831.00"
4D,PANTEON,"$1,962.00"
4E,MODELO,"$2,785.00"
4F,ISSSTE FEDERAL,"$2,634.00"
4G,ESTADIO DE SOFTBOL,$861.00
4H,OLIVARES,"$1,749.00"
4H,PIMENTEL,"$1,749.00"
4I,PIMENTEL,"$1,526.00"
4J,TIANGUIS DEL HECTOR ESPINO,"$2,245.00"
4K,SAN BENITO,"$2,262.00"
4K,OLIVARES,"$2,262.00"
4L,SAN BENITO,"$2,463.00"
4M,MODELO,"$2,890.00"
4N,MODELO ,"$3,303.00"
4O,MODELO,"$3,221.00"
4P,CONSTITUCION,"$4,402.00"
4Q,ESTADIO DE BEISBOL,"$1,128.00"
5A,"RACQUET CLUB I, SECC SUR","$5,456.00"
5B,"RACQUET CLUB II, SECC NORTE","$5,601.00"
5C,PRADOS DEL CENTENARIO,"$4,870.00"
5C,CENTENARIO,"$4,870.00"
5D,SAN ANTONIO,"$3,352.00"
5D,FUENTES DEL CENTENARIO,"$3,352.00"
5E,VILLA SATELITE,"$4,306.00"
5F,VALLE ESCONDIDO,"$3,428.00"
5F,VALLE HERMOSO,"$3,428.00"
5F,UNIVERSIDAD DE SONORA,"$3,428.00"
5G,VALLE GRANDE,"$3,761.00"
5G,VALLE VERDE,"$3,761.00"
5H,LOS ARCOS,"$2,965.00"
5I,ISSSTESON CENTENARIO,"$3,148.00"
5J,PALMAR DEL SOL,"$2,583.00"
5J,LOS ARCOS,"$2,583.00"
5K,LAS GRANJAS,"$1,842.00"
5L,LA HUERTA,"$3,319.00"
5M,EL TORREON,"$2,572.00"
5N,LA MOSCA,"$2,082.00"
5O,LAS ALAMEDAS,"$3,390.00"
5P,RINCON DE LA HERRADURA,"$3,935.00"
5Q,METROCENTRO,"$5,412.00"
5R,PLAZA DE LAS FRANQUICIAS,"$5,412.00"
5S,EL TORREON / PRIVADA DEL MURO,"$3,014.00"
5T,LOS CANARIOS,"$2,316.00"
6A,CUARTEL ZONA,"$1,809.00"
6B,LUIS ENCINAS,"$2,134.00"
6C,CHOYAL,"$1,738.00"
6C,PUESTA DEL SOL,"$1,738.00"
6D,OLIVARES,"$1,586.00"
6D,BALDERRAMA,"$1,586.00"
7A,NUEVA CASTILLA,"$1,406.00"
7A,VIRREYES,"$1,406.00"
7A,MISION,"$1,406.00"
7A,CAMINO REAL NORTE,"$1,406.00"
7A,CAMINO REAL,"$1,406.00"
7B,22 DE SEPTIEMBRE,"$1,433.00"
7C,SONACER I,"$1,406.00"
7D,SONACER II,"$1,226.00"
7E,CONQUISTADORES,"$1,564.00"
7E,MISIONEROS,"$1,564.00"
7E,PLAZA REAL,"$1,564.00"
7E,UNION DE COLONOS,"$1,564.00"
7F,MISION DEL ARCO,"$1,706.00"
7G,VIŠEDOS,"$1,850.00"
7G,SAN JAVIER,"$1,850.00"
7G,VILLA FONTANA,"$1,850.00"
7H,BUENOS AIRES,"$1,574.00"
7I,LAS PLAZAS ,"$1,864.00"
7J,INALAMBRICA,$954.00
7K,LIBERTAD,"$1,286.00"
7L,SAHUARO INDECO,"$1,422.00"
7L,MIRASOLES ,"$1,422.00"
7M,JEREZ DEL VALLE,"$1,450.00"
7N,ALVARO OBREGON,"$1,281.00"
7N,SAHUARO,"$1,281.00"
7O,SAHUARO,"$1,293.00"
7Q,PROGRESISTA,"$1,362.00"
7R,NUEVA ESPAŠA,"$1,619.00"
7S,SAN JERONIMO,"$1,961.00"
7T,REAL DEL BOSQUE,$959.00
7U,VALLE DORADO,"$1,395.00"
7V,UNION DE LADRILLEROS,$960.00
7W,CERRO COLORADO,"$1,924.00"
7Y,A. LOPEZ MATEOS,"$1,210.00"
7Z,PLAZA GRANDE,"$1,940.00"
7AA,PREDIOS SIN LOTIFICAR AL OESTE DE NVA. ESPAŠA,$709.00
7AB,"SAN BERNARDINO I, II, III Y IV ETAPAS","$1,902.00"
7AC,SAHUARO FINAL,$916.00
7AE,MERCADO FRANCISCO I. MADERO,"$2,613.00"
7AF,SAN JUDAS TADEO,"$1,090.00"
7AH,SONACER SECC. BARCELģ,"$1,722.00"
7AI,BUENAVENTURA,"$2,000.00"
7AJ,CONDOMINIOS HM01,"$5,450.00"
8A,CAPISTRANO,"$3,930.00"
8B,LAS QUINTAS,"$2,758.00"
8B,RESIDENCIAL DE ANZA,"$2,758.00"
8C,LAS QUINTAS GALICIA,"$3,068.00"
8C,NUEVA GALICIA,"$3,068.00"
8D,PASEO DEL SOL,"$2,872.00"
8E,FUENTES DEL MEZQUITAL,"$2,673.00"
8F,RESIDENCIAL NAVARRETE,"$3,494.00"
8G,VILLA SOL,"$2,529.00"
8H,SANTA FE,"$3,036.00"
8I,LAS PRADERAS IV,"$1,837.00"
8J,SEMINARIO RESIDENCIAL,"$3,864.00"
8K,VALLE BONITO CERRADAS DE PLATA Y ORO,"$2,442.00"
8L,VALLE BONITO CERRADA DE MINAS,"$2,703.00"
8M,ALCALA RESIDENCIAL,"$4,315.00"
8N,VILLA FLORENCIA,"$2,616.00"
8O,LOS PORTALES,"$4,028.00"
8P,FLAMINGO,"$4,327.00"
8Q,CASA GRANDE,"$4,851.00"
8R,LLANO VERDE,"$2,044.00"
8S,LOS LAGOS,"$9,385.00"
8T,STAUS - UNIVERSIDAD,"$2,550.00"
8U,CORONADO RESIDENCIAL,"$4,680.00"
8V,RIO GRANDE,"$2,921.00"
8W,LA VERBENA,"$2,074.00"
8X,LA VERBENA II ,"$2,346.00"
8Y,LA VERBENA SECC ASTURIAS ,"$2,540.00"
8Z,MONTECARLO,"$2,458.00"
8AA,REAL DE QUIROGA,"$3,902.00"
8AA,PRIVADA QUINTA EMILA,"$3,902.00"
8AB,PARQUE VERSALLES RESIDENCIAL,"$4,409.00"
8AC,VALLE DEL LAGO,"$4,578.00"
8AD,PRIVADA ROSALES,"$3,134.00"
8AE,PEŠASCO RESIDENCIAL,"$2,856.00"
8AF,OFICINAS FEDERALES AL OESTE,"$2,458.00"
8AG,VILLA BONITA,"$2,180.00"
8AH,NAZAREO RESIDENCIAL,"$3,581.00"
8AI,OBISPOS II,"$4,066.00"
8AI,REAL DE MONTEJO,"$4,066.00"
8AI,VILLA DE PARRAS,"$4,066.00"
8AJ,VILLAS DEL MEDITERRANEO,"$3,310.00"
8BA,VILLAS DEL MEDITERRANEO SIN URB.,$698.00
8AK,PUERTA GRANDE,"$5,319.00"
8AL,VISTA DEL LAGO,"$5,924.00"
8AM,MONACO PRIVADAS RESIDENCIALES,"$3,439.00"
8AN,MEZQUITAL DEL ORO,"$1,444.00"
8AO,MARSELLA RESIDENCIAL,"$2,671.00"
8AP,JARDINES DE MONACO,"$3,815.00"
8AQ,ALTA CALIFORNIA RESIDENCIAL,"$5,020.00"
8AR,COMPOSTELA RESIDENCIAL,"$5,172.00"
8AS,CAMPANARIO,"$4,212.00"
8AT,"POLIGONO SIN FRACCIONAR CAUCE DEL RIO, BREŠA ORIENTE Y NORTE",$796.00
8AU,POLIGONOS SIN FRACCIONAR CAUCE DEL RIO BREŠA PONIENTE,$216.00
8AV,POLIGONOS CAMPO DE GOLF,$618.00
8AY,SECUNDARIA ESTATAL NO. 12,$589.00
8AZ,PLAZA COMERCIAL LAS PALMAS,"$3,521.00"
8BB,LOS LIENZOS RESIDENCIAL,"$3,330.00"
8BC,COLOSSUS,"$10,655.00"
8BD,LOTIFICACION QUINTERO ARCE-RIO SONORA,"$1,286.00"
8BE,CONDOMINIOS VILLAS DEL MEDITERRANEO,"$4,970.00"
8BF,CONDOMINIOS ALTA MONACO,"$6,208.00"
8BG,HEXUS MANZANAS,"$4,540.00"
9A,NACAMERI,"$1,662.00"
9A,SAN ANGEL,"$1,662.00"
9A,RESIDENCIAL PIMA,"$1,662.00"
9B,PASEO SAN ANGEL,"$1,521.00"
9B,PASEO SAN ANGEL II LAS PLACITAS I,"$1,521.00"
9B,PASEO SAN ANGEL II LAS PLACITAS II,"$1,521.00"
9B,PASEO SAN ANGEL II LAS PLACITAS V,"$1,521.00"
9B,PASEO SAN ANGEL III SECCION,"$1,521.00"
9C,PASEO SAN ANGEL II CERRADAS STA ENGRACIA Y SAN CARLOS,"$1,537.00"
9D,LAS PRADERAS NORTE,"$1,919.00"
9E,LAS PRADERAS SUR ( FOVISSSTE ),"$1,711.00"
9F,FOVISSSTE I y II,"$1,346.00"
9G,PALO VERDE,$910.00
9H,PALO VERDE,$752.00
9H,EL MEZQUITE,$752.00
9I,COSTA DEL SOL,"$1,259.00"
9J,CASA LINDA,"$1,275.00"
9J,LOS GIRASOLES,"$1,275.00"
9K,EL APACHE,$785.00
9L,EL APACHE,"$1,025.00"
9M,TIROCAPES,$910.00
9N,LOS OLIVOS,$894.00
9O,VILLA SUREŠA,"$1,079.00"
9P,VILLA HERMOSA,$924.00
9Q,LAS MINITAS,$747.00
9R,EMILIANO ZAPATA,"$1,117.00"
9S,EL MEZQUITE,$943.00
9T,POTRERO DE BUSHARD,$30.00
9U,LOS TULIPANES,"$1,581.00"
9U,PORTAL DEL PITIC,"$1,581.00"
9V,EN BREŠA ALSUR DE SOLEIL RESIDENCIAL,$278.00
9W,EN BREŠA AL SUR DE LA CIUDAD,$298.00
9X,HACIENDA LOS LIRIOS,$856.00
9X,HACIENDA LOS ALCATRACES,$856.00
9Y,CERRADA DE MINAS,"$1,245.00"
9Y,REAL DE MINAS,"$1,245.00"
9Z,REAL DEL CARMEN RESIDENCIAL,"$1,371.00"
9Z,REAL DEL CARMEN II,"$1,371.00"
9Z,REAL DEL CARMEN III,"$1,371.00"
9Z,REAL DEL CARMEN IV,"$1,371.00"
9AA,PALOVERDE INDEUR/ OLIVOS,$845.00
9AB,EN BREŠA AL SUR DE LA CIUDAD CARR. A GUAYMAS,$204.00
9AC,DE LOS POETAS,"$1,046.00"
9AD,LOTES EN CALLEJON LAS PLACITAS,"$1,117.00"
9AE,"VILLA HERMOSA, LAS VISTAS","$1,221.00"
9AF,AL SUR DE VILLA HERMOSA,"$1,106.00"
9AG,PRIVADA DEL SERI,"$1,439.00"
9AH,AMPLIACION NACAMERI,"$1,112.00"
10A,SOLIDARIDAD - VILDOSOLA ( ZONA SUR ),"$1,831.00"
10B,EQUIPAMIENTO EDUCATIVO,"$1,788.00"
10B,PARQUE INDUSTRIAL/ EXPO FORUM,"$1,788.00"
10C,VILLA DE SERIS,"$1,635.00"
10D,VILLA DE SERIS,"$1,264.00"
10E,EUSEBIO KINO - ISSSTESON,"$1,444.00"
10F,EMILIANO ZAPATA,"$1,134.00"
10G,LAS VILLAS,"$1,433.00"
10H,CERRO DE LA CRUZ,"$1,161.00"
10I,PROYECTO RIO SONORA,"$7,325.00"
10J,SAN PABLO,"$2,294.00"
10K,GRANJA DEL PEDREGAL,"$1,373.00"
10L,LA MOSCA,$981.00
10M,LA CANDELARIA RESIDENCIAL,"$3,363.00"
10N,WORKSPACE RIO 109 28,"$13,593.00"
10O,TORRE CELTARA,"$12,535.00"
11A,EL JITO,$662.00
11B,EL JITO,"$1,123.00"
11C,PEDREGAL DE LA VILLA,$948.00
11D,TIRO AL BLANCO,$823.00
11E,TIRO AL BLANCO,"$1,248.00"
11F,AKIWIKI,$818.00
11G,LAS LOMAS,"$1,673.00"
11G,PRIVADA LAS LOMAS,"$1,673.00"
11G,LAS LOMAS SECCION BONITA,"$1,673.00"
11G,LAS LOMAS PRIVADAS DEL BOSQUE,"$1,673.00"
11G,LAS LOMAS DEL MIRADOR,"$1,673.00"
11G,LAS LOMAS SECCION EL PARAISO,"$1,673.00"
11G,LAS LOMAS DEL SUR,"$1,673.00"
11G,LAS LOMAS DE CORTEZ,"$1,673.00"
11G,LAS LOMAS DEL SOL,"$1,673.00"
11H,LA CAMPANA,$565.00
11I,LAS LOMAS SECCION LOS MANZANOS,"$1,657.00"
11J,LAS LOMAS SECC. CASTAŠOS,"$1,711.00"
11J,LAS LOMAS SECC. ALMENDROS,"$1,711.00"
11K,LAS LOMAS SECC. LOS MANZANOS II,"$1,739.00"
11L,"LAS LOMAS SECC. CASTAŠOS II, III, IV","$1,711.00"
11M,"LAS LOMAS SECC. ALMENDROS II, III","$1,853.00"
11N,PROYECTO RIO SONORA,$322.00
11O,PEDREGAL DE LA VILLA,$822.00
11P,CERRO CEMENTERA,$65.00
11Q,CERRO PIEDRA BOLA,$65.00
11R,LAS LOMAS REAL DEL PARQUE,"$1,799.00"
11S,URBI VILLA DEL REY II ETAPA I,"$1,744.00"
11T,URBI VILLA DEL REY II ETAPA II,"$2,126.00"
11U,URBI VILLA DEL REY II ETAPA III,"$2,027.00"
11U,URBI VILLA DEL REY III SECCION,"$2,027.00"
11V,POLIGONOS SIN LOTIFICAR AL SUR DEL C. DE LA CEMENTERA,$206.00
11W,CERESO,$741.00
12A,CENTRO,"$1,804.00"
12B,CASA BLANCA,"$2,136.00"
12B,PRIVADA CASABLANCA,"$2,136.00"
12C,SAN JUAN,"$2,226.00"
12D,VILLA DEL PITIC,"$1,575.00"
12D,REVOLUCION I,"$1,575.00"
12E,NARANJOS,"$1,281.00"
12F,LOS SAUCES,"$1,570.00"
12F,REVOLUCION II,"$1,570.00"
12G,RINCONADA DE LA CRUZ,$709.00
12H,UNIVERSIDAD,"$1,368.00"
12I,CERRO DE LA CAMPANA,$959.00
12I,LAS PILAS,$959.00
12J,LA MATANZA,$979.00
12K,RANCHITO,$812.00
12L,HACIENDA DE LA FLOR,$752.00
12M,PROYECTO RIO SONORA,"$1,864.00"
12N,PROYECTO RIO SONORA,"$1,755.00"
12O,COLOSO,$382.00
12P,COLOSO,$278.00
12Q,COLOSO,$919.00
12R,CERRADA NORWALK,"$2,224.00"
12S,PEMEX,$414.00
13A,LOMAS DEL PITIC,"$3,277.00"
13B,LOS ALTOS RESIDENCIAL,"$5,510.00"
13C,EL ENCANTO RESIDENCIAL,"$2,774.00"
13C,CAMPESTRE RESIDENCIAL,"$2,774.00"
13D,CAMPO DE GOLF,$360.00
13E,MEDITERRANEO RESIDENCIAL,"$3,500.00"
13F,COUNTRY CLUB,"$1,286.00"
13G,FERROCARRILERA,"$1,404.00"
13H,LAS AMAPOLAS SUR,$654.00
13I,LAS AMAPOLAS NORTE,$843.00
13I,ZONA INDUSTRIAL,$843.00
13J,LA METALERA,$807.00
13K,CERRADA EL ENCANTO,"$2,894.00"
13L,BELLA VISTA,$747.00
13M,FERROCARRILERA,$807.00
13N,ZONA INDUSTRIAL ,$219.00
13O,POLIGONOS AL ORIENTE CERCA DEL VASO DE LA PRESA,$23.00
13P,FINCA LAS RIBERAS ,"$5,744.00"
13Q,GRAND KINO,"$11,723.00"
13R,"LAS RIBERAS, Villas Alicanto y Fraterna","$5,400.00"
13S,FINCA LAS RIBERAS CON FRENTE AL LAGO,"$9,238.00"
13T,"LAS RIBERAS, SECCION GRATTA","$5,375.00"
14A,LOMAS ALTAS,"$3,886.00"
14B,LOMAS ALTAS,"$3,488.00"
14C,LOMAS ALTAS,"$1,679.00"
14C,CUARTEL PITIC,"$1,679.00"
14D,LA JOLLA VILLA DE LOS ZAFIROS,"$7,674.00"
14E,LA JOLLA VILLA DE LOS DIAMANTES,"$8,191.00"
14E,LA JOLLA VILLA DE LAS ESMERALDAS,"$8,191.00"
14F,CUMBRES RESIDENCIAL,"$4,944.00"
14F,CUMBRES RESIDENCIAL III,"$4,944.00"
14F,CUCURPE II,"$4,944.00"
14G,LORETO,"$5,178.00"
14H,SAN LORENZO,"$3,036.00"
14I,LOMA LINDA,"$3,461.00"
14J,PALERMO SECCIģN PARTANNA,"$4,082.00"
14J,PALERMO SECCIģN VENETO,"$4,082.00"
14J,PALERMO SECCIģN FERRARA,"$4,082.00"
14J,VILLA TOSCANA RESIDENCIAL,"$4,082.00"
14K,SAN LUIS,$801.00
14L,SAN LUIS,$741.00
14M,CERRADA CUCURPE,"$3,722.00"
14N,PUEBLO ALTO,"$2,790.00"
14O,VALLE DE SANTA MONICA,"$3,117.00"
14P,COLINAS DE SAN JAVIER,"$3,352.00"
14Q,PASEO DE LA COLINA,"$4,055.00"
14R,LAS LOMAS DEL PITIC,"$3,390.00"
14S,SANTA LUCIA,"$5,045.00"
14T,PUERTA DE HIERRO,"$3,831.00"
14U,QUINTA LA PALOMA,"$6,698.00"
14V,LOMAS DE BARROCAN,"$4,229.00"
14W,FIRENZE RESIDENCIAL,"$4,883.00"
14X,PRIVADAS RESIDENCIALES DEL PEDREGAL,"$3,957.00"
14X,PRIVADA RESIDENCIAL LA CAŠADA,"$3,957.00"
14Y,TOSALI RESIDENCIAL,"$4,415.00"
14AG,VALLE DE SANTA MONICA S/ URBANIZAR II,"$1,685.00"
14AH,ALTOS DE ARAGON,"$5,060.00"
14AI,LAS VISTAS,"$4,175.00"
14AJ,ANTARA RESIDENCIAL,"$4,215.00"
14AK,LA JOLLA VILLA DE LAS TURQUESAS,"$6,085.00"
14AM,CONDOMINIOS GLADYS,"$5,303.00"
14AN,LA RIOJA NORTE,"$5,690.00"
14AO,ALTITUD 40,"$6,742.00"
14AP,ALTA FIRENZE RESIDENCIAL,"$5,258.00"
14AQ,LA JOLLA VILLA DE LAS TURQUESAS ETAPA 3,"$4,883.00"
14AQ,LA JOLLA VILLA DE LOS DIAMANTES ETAPA 3,"$4,883.00"
14AR,IBIZA RESIDENCIAL,"$5,314.00"
14AS,ALTITUD M,"$8,611.00"
14Z,AL PONIENTE DE BLVD. MORELOS,"$1,145.00"
14AA,AL ORIENTE DE BLVD. MORELOS CERROS,$709.00
14AB,CERROS ORIENTE,$179.00
14AC,CERROS SUR,$223.00
14AD,AL NORTE BLVD. PROGRESO,$179.00
14AE,AL NORTE FRACC. EL DORADO I,"$4,491.00"
14AF,AL SURORIENTE FRACC. EL DORADO I,"$3,624.00"
14AL,AL ORIENTE DE BLVD. MORELOS LOMAS,$445.00
15A,LOS SABINOS,"$4,945.00"
15A,LA PALOMA RESIDENCIAL I,"$4,945.00"
15A,LA PALOMA RESIDENCIAL II,"$4,945.00"
15A,EL DORADO I ,"$4,945.00"
15A,EL DORADO II,"$4,945.00"
15A,BRETAŠA,"$4,945.00"
15B,PASEO MARGARITAS,"$1,890.00"
15C,JESUS GARCIA,"$1,951.00"
15C,APOLO,"$1,951.00"
15C,LOS ROSALES,"$1,951.00"
15D,LOMA LINDA,"$3,066.00"
15E,BUGAMBILIA,"$2,463.00"
15F,MISION DEL SOL,"$3,632.00"
15F,MISION  DEL REAL,"$3,632.00"
15G,PRIVADA VICTORIA,"$4,387.00"
15H,COLINAS,"$3,156.00"
15H,COLINAS II,"$3,156.00"
15H,PRIVADA CORDOVA,"$3,156.00"
15I,SACRAMENTO,"$3,346.00"
15J,TERRAZAS DEL MIRADOR,"$4,382.00"
15J,VISTAS DEL SOL RESIDENCIAL,"$4,382.00"
15K,PRADOS DEL SOL,"$2,414.00"
15L,PRADOS DE BUGAMBILIA,"$1,962.00"
15M,COLINA BLANCA,"$2,671.00"
15M,BACHOCO,"$2,671.00"
15N,LA VENTANA ,"$3,504.00"
15O,ARCADIA,"$3,564.00"
15O,PORTON DEL ARCO,"$3,564.00"
15P,SIERRA VISTA,"$2,256.00"
15Q,LEY 57,"$1,581.00"
15R,CATALINAS RESIDENCIAL,"$4,096.00"
15S,LOMAS DE MADRID,"$1,117.00"
15S,INSURGENTES,"$1,117.00"
15S,LOPEZ PORTILLO,"$1,117.00"
15S,HEBERTO CASTILLO,"$1,117.00"
15S,ROSARIO IBARRA DE PIEDRA,"$1,117.00"
15T,VILLA SONORA,"$1,308.00"
15T,VILLA GUADALUPE,"$1,308.00"
15T,VILLAS DEL REY,"$1,308.00"
15T,VILLAS DE CORTES,"$1,308.00"
15U,ALBORADA,"$1,367.00"
15V,CUATRO OLIVOS,"$1,134.00"
15W,LOMAS DE LINDA VISTA,"$1,366.00"
15X,ALTO VALLE,"$1,499.00"
15AK,ALTO VALLE SECC. ANDALUCIA,"$2,910.00"
15Y,LOS ANGELES,"$1,292.00"
15Z,LOS ANGELES X ETAPA,"$1,548.00"
15AA,PRADOS DE BUGAMBILIA II,"$1,722.00"
15AB,MISION SAN IGNACIO,"$3,085.00"
15AC,CUARTEL 15-A,"$2,485.00"
15AD,CUARTEL XV,"$3,014.00"
15AE,PASEO DEL PALMAR,"$3,706.00"
15AF,RESIDENCIAL KINO,"$2,164.00"
15AG,ALTO VALLE,$985.00
15AH,CONDOMINIOS HERMOSILLO PLAZA INN,"$6,976.00"
15AI,MARGARITAS / OLIVOS,"$1,722.00"
15AJ,BANUS RESIDENCIAL,"$3,465.00"
15AL,TORRE SOLARA,"$7,031.00"
15AM,BANUS CERRADA BELMONTE,"$3,690.00"
16A,LEY 57,"$1,466.00"
16A,FRANCISCO VILLA,"$1,466.00"
16A,POPULAR,"$1,466.00"
16A,JARDINES,"$1,466.00"
16A,ATARDECERES,"$1,466.00"
16B,LAS TORRES,"$1,706.00"
16B,ISSSTESON,"$1,706.00"
16C ,CONDESA ,"$1,455.00"
16C ,SANTA MARIA,"$1,455.00"
16C ,SANTA ISABEL,"$1,455.00"
16C ,BELLA VISTA,"$1,455.00"
16C ,SONOMEX NORTE,"$1,455.00"
16D,CNOP,"$1,313.00"
16E,LAS AVES,"$1,357.00"
16E,SAN JAVIER ORIENTE,"$1,357.00"
16E,ISABELES ,"$1,357.00"
16F,PROGRESISTA,"$1,379.00"
16G,VIRREYES,"$1,439.00"
16H,LIBERTAD,"$1,493.00"
16I,H. AYUNTAMIENTO,"$1,522.00"
16J,SAN DIEGO,"$1,308.00"
16K,DIVISION DEL NORTE,"$1,052.00"
16K,PRIMERO HERMOSILLO,"$1,052.00"
16K,NORBERTO ORTEGA,"$1,052.00"
16K,MARTIRES DE CANANEA,"$1,052.00"
16K,BENITO JUAREZ,"$1,052.00"
16K,SOLIDARIDAD,"$1,052.00"
16L,FRANCISCO KINO,"$1,222.00"
16L,JACINTO LOPEZ,"$1,222.00"
16L,CARMEN SERDAN,"$1,222.00"
16L,EL CORTIJO UNISON,"$1,222.00"
16L,SOLIDARIDAD,"$1,222.00"
16M,LOMAS DE MADRID,"$1,085.00"
16N,LA PRIMAVERA,"$1,150.00"
16O,MIGUEL HIDALGO,"$1,019.00"
16P,VILLA GUADALUPE,"$1,286.00"
16Q,CONJUNTO ARIZONA,"$1,728.00"
16R,RINCON AGRADABLE,$845.00
16S,LAS PALMAS,$774.00
16T,LOPEZ PORTILLO,"$1,238.00"
16U,HEBERTO CASTILLO,"$1,068.00"
16V,AMPLIACION PRIMERO HERMOSILLO,$556.00
16W,CERRADA SAN DIEGO,"$2,876.00"
17A,NUEVO HERMOSILLO,"$1,243.00"
17A,TERRANOVA,"$1,243.00"
17A,ALTAMIRA,"$1,243.00"
17B,CHULA VISTA,"$1,237.00"
17C,RENACIMIENTO,"$1,226.00"
17D,PARQUE INDUSTRIAL DYNATECH SUR,"$1,439.00"
17E,SIERRA CLARA,"$1,172.00"
17F,CUAUHTEMOC ,"$1,286.00"
17G,VALLE DEL MARQUES,"$1,458.00"
17H,Y GRIEGA,$992.00
17I,GALA,"$1,308.00"
17J,GALA II,"$1,243.00"
17K,AGUALURCA,"$1,295.00"
17L,ADOLFO DE LA HUERTA,"$1,167.00"
17M,LOS ALAMOS,"$1,372.00"
17N,ARBOLEDAS,"$1,139.00"
17O,PERISUR,"$1,488.00"
17P,LAS DILIGENCIAS,"$1,123.00"
17Q,ALTARES ,"$1,297.00"
17R,ALTARES,$209.00
17S,LAS CARRETAS,$707.00
17T,ALTARES II,$997.00
17U,ALTARES,$221.00
17V,ALTARES,$606.00
17W,VALLE DE LOS ALMENDROS,"$1,145.00"
17X,CENTRO ECOLOGICO / ACADEMIA DE POLICIA,$275.00
17Y,MALLORCA RESIDENCIAL,"$1,243.00"
17AH,VISTA REAL,"$1,493.00"
17AI,HACIENDAS DEL SUR,"$1,379.00"
17AJ,GALA III,"$1,183.00"
17AK,ALTARES SECC. AMANECERES,"$1,597.00"
,"""POLIGONOS SIN URBANIZAR""",
17Z,FRENTE CARRETERA A GUAYMAS,$172.00
17AA,"FRENTE A PLANTA FORD, CARR. A LA COLORADA",$501.00
17AB,ENTRE FRACC. ALTARES Y NUEVO HERMOSILLO,$572.00
17AC,CERRO DE AGUALURCA PONIENTE,$14.00
17AD,CERRO DE AGUALURCA ORIENTE I,$82.00
17AE,AL SUR BLVD. PRINCIPAL,$142.00
17AF,AL SUR ALTARES II,$129.00
17AG,CERRO DE AGUALURCA ORIENTE II,$25.00
18A,PARQUE INDUSTRIAL PIMEX,"$1,254.00"
18B,SAN LUIS,$687.00
18C,SAN LUIS,$343.00
18D,CAFÉ COMBATE,$698.00
18D,LA PONDEROSA,$698.00
18E,HACIENDA RESIDENCIAL CONDOMINAL,"$1,706.00"
18F,EL TIJERITO- TEC DE MONTERREY,$82.00
18Q,RANCHO SAN IGNACIO,"$2,507.00"
18R,PROLONGACION BLVD MORELOS,$322.00
18S,SANTERRA RESIDENCIAL,"$4,860.00"
18T,RIO SECO RESIDENCIAL,"$1,281.00"
18V,VENTURA CLUB RESIDENCIAL I y II ETAPAS,"$3,995.00"
18W,LOTIF. A LA ENTRADA DE HACIENDAS RESID.,$251.00
,"""POLIGONOS SIN LOTIFICAR""",
18G,AL NORTE DE LA PONDEROSA,$99.00
18H,AL SUR DE ENTRADA HACIENDA RESIDENCIAL,$239.00
18I,AL NORTE DE ENTRADA HACIENDA RESIDENCIAL,$125.00
18J,LANIX / ELECTRA,$37.00
18K,PREDIOS AL NORTE ORIENTE,$38.00
18L,PREDIOS AL NORTE PONIENTE,$5.00
18M,ZONA DE CERROS,$8.00
18N,PREDIOS AL SUR PONIENTE,$18.00
18O,PREDIOS AL SUR ORIENTE,$147.00
18P,POLIGONOS  ALREDEDOR PROYECTO PUERTA NORTE,$56.00
19A,LA VICTORIA,$121.00
19B,EL TAZAJAL,$91.00
19C,TABACHINES,$144.00
19D,"DESARROLLO CAMPESTRE ""RESIDENCIAL""",$199.00
19J,PUNTA BELLA,$149.00
19L,FAJA ANCHA,$69.00
19M,RIBERAS DEL PITIC,"$4,955.00"
19P,FINCAS SAN MIGUEL,$140.00
19O,CAMPESTRE EL CHAPARRAL,$126.00
19Q,CAMPESTRE LOS ARROYOS,$489.00
19R,GRAN BEROA,"$2,392.00"
19S,PARQUE INDUSTRIAL VICTORIA 5.5,"$1,286.00"
,"""POLIGONOS SIN LOTIFICAR""",
19E,ENTRE CARR A URES Y CARR. A LA ACEITERA ,$171.00
19F,ENTRE  CARR. A LA ACEITERA Y CAMINO A  ALMACENES NACIONALES,$175.00
19G,CAMINO A  ALMACENES NACIONALES  AL SUR,$180.00
19H,PREDIOS AL ORIENTE,$152.00
19I,PREDIOS AL NORTE DE CARR. A URES,$207.00
19K,PREDIOS AL OESTE DE CARR. A ZAMORA,$101.00
20A,REAL DEL COBRE,"$1,264.00"
20B,SOLIDARIDAD V,$836.00
20B,MIGUEL ANGEL JIMENEZ,$836.00
20B,FRANCISCO DE PAULA GARCIA CORRAL,$836.00
20C,SOLIDARIDAD,$916.00
20C,SOLIDARIDAD IV,$916.00
20C,LA PLANCHA,$916.00
20D,MINIPARQUE INDUSTRIAL,"$1,602.00"
20E,REAL DEL CARDO,"$1,286.00"
20F,PRIVADAS DEL REAL III SECC.,"$1,270.00"
20F,VILLA DEL REAL,"$1,270.00"
20F,PRIVADAS DEL REAL,"$1,270.00"
20F,PRIVADAS DEL REAL II SECCION,"$1,270.00"
20F,ARANDANOS RESIDENCIAL,"$1,270.00"
20G,PUEBLO ESCONDIDO,"$1,324.00"
20G,PUEBLO DEL ANGEL,"$1,324.00"
20G,PUEBLO DEL SOL,"$1,324.00"
20G,TUMACACORI,"$1,324.00"
20G,PUEBLITOS CERRADA KIKAPU,"$1,324.00"
20G,PUEBLITOS CERRADA GUARIJIOS,"$1,324.00"
20G,PUEBLITOS CERRADA PAPAGOS,"$1,324.00"
20G,PUEBLITOS CERRADA KUKAPA,"$1,324.00"
20G,PUEBLO ALEGRE,"$1,324.00"
20G,OPATAS,"$1,324.00"
20H,PRIVADAS DEL BOSQUE,"$1,346.00"
20I,MANUEL GOMEZ MORIN,$877.00
20J,VALLE DEL PORTAL,"$1,401.00"
20J,NUEVA VICTORIA,"$1,401.00"
20K,HECTOR FRANCISCO ROMERO,$233.00
20L,LA CAMPIŠA,"$1,515.00"
20M,PUEBLITOS SECCION LOS ALAMOS,"$1,221.00"
20N,PALO FIERRO,"$1,281.00"
20O,JORGE VALDEZ MUŠOZ,$932.00
20P,TUBAC,"$1,453.00"
20Q,PUEBLO BONITO,"$1,473.00"
20Q,PUEBLO DEL ORO,"$1,473.00"
20R,PUEBLITOS CERRADA DIAMANTE,"$1,809.00"
20S,VILLA VERDE,"$1,128.00"
20S,VILLA VERDE ETAPA II,"$1,128.00"
20S,PRIVADA SAN GERMAN,"$1,128.00"
20T,PIMAS,"$1,515.00"
20U,PRIVADAS DEL REAL SECC. NORTE,"$1,117.00"
20V,NUEVO PROGRESO,$807.00
20W,CORDOBA RESIDENCIAL,"$1,352.00"
20X,VILLAS DEL TURIN,$245.00
20Y,LAS CUEVAS,$42.00
20AI,VILLAS DE SAN LORENZO,"$1,826.00"
,"""POLIGONOS SIN URBANIZAR""",
20Z,TERRENOS AL SURESTE,$425.00
20AA,AL NORTE DE ENTRONQUE LAZARO CARDENAS Y QUIROGA,$441.00
20AB,AL ORIENTE DE FRACC. VILLA DEL REAL,$643.00
20AC,TERRENOS EN PUEBLITOS,$529.00
20AD,ALREDEDOR DE FRACC. VILLA VERDE,$245.00
20AE,AL PONIENTE DE JORGE VALDEZ MUŠOZ,$124.00
20AF,"AL PONIENTE BLVD, QUIROGA  ZONA DE CERROS",$39.00
20AG,AL EXTREMO PONIENTE DE LA REGION 20,$214.00
20AH,AL SUR FRACC. PUEBLO ESCONDIDO,$403.00
21A,INV. ALCATRAZ,$392.00
21B,PRIMAVERA,$736.00
21B,CENTRO,$736.00
21B,ARTESANOS,$736.00
21B,DE LA CRUZ,$736.00
21C,CARNAVALITO,$627.00
21C,LOMA LINDA,$627.00
21D,PROGRESO LOTIFICADO,$382.00
21E,LAS FUENTES,$119.00
21F,MARIN PARAISO,$351.00
21G,LA SARDINA Y AGUA ZARCA,$23.00
21H,CONDOMINIO JACQUELYNN,"$5,194.00"
21N,MEDITERRANEO,$245.00
21O,CONDOMINIO PUNTA PENINSULA KINO,"$2,196.00"
,PREDIOS SIN LOTIFICAR ,
21I, AL ORIENTE DEL PUEBLO KINO VIEJO,$95.00
21J, AL SUR ESTERO DE LA CRUZ,$124.00
21J,PREDIOS CON FRENTE A LA PLAYA,$124.00
21K,KINO VIEJO PUEBLO,"$1,308.00"
21L,DE  KINO VIEJO PUEBLO A CONDOMINIOS JACQUELYNN,"$1,036.00"
21M,DE CONDOMINIOS JACQUELYNN AL SUR,$964.00
22A,OASIS DE KINO,$102.00
22B,LOMAS DE KINO,"$1,286.00"
22AA,LOMAS DE KINO CERRIL,"$1,236.00"
22C,LOTES INTERIORES,$807.00
22D,COLINAS DEL MAR,$108.00
22E,LOMAS DE SAN GERMAN,$561.00
22F,VILLAS DEL MAR,"$2,867.00"
22G,LADERAS DEL MAR,"$4,676.00"
22H,VILLA CALIFORNIA,"$2,305.00"
22X,PINACATE II,$108.00
22AD,VISTAS RESERVA,"$1,035.00"
22AE,COLINAS DE SAN JORGE,"$1,853.00"
,KINO BAY ESTATES,
22I,PREDIOS COLINDANTE AL MAR,"$7,630.00"
22J,PREDIOS CON VISTA AL MAR I,"$4,840.00"
22K,PREDIOS AL ORIENTE ,"$3,891.00"
22L,PREDIOS AL ORIENTE II,"$4,055.00"
22M,PREDIOS AL ORIENTE III,"$2,580.00"
22Y,KINO BAY ESTATES IV ,"$3,805.00"
22Z,KINO BAY ESTATES IV AL ORIENTE,"$3,535.00"
,PREDIOS CON FRENTE A PLAYA,
22N,LOMAS DE KINO,"$7,210.00"
22O,DE LOMAS DE KINO A CONDOMINIOS VILLA CALIFORNIA,"$7,946.00"
22P,DE CONDOMINIOS VILLA CALIFORNIA AL SUR,"$6,322.00"
22AB,CONDOMINIO SANTA GEMMA,"$13,129.00"
22AC,CONDOMINIO KINO 142,"$12,939.00"
,TERRENOS EN BREŠA,
22R,AL NORTE DE LOMAS DE KINO,$15.00
22S,FRENTE AL AEROPUERTO,$22.00
22T,"PREDIOS SIN URBANIZAR, AL NORTE DE AV. MAR DE CORTES ",$47.00
22U,AL NORTE  KINO BAY ESTATES,$143.00
22V,VALLE ESTELA,$483.00
22W,CERRO PRIETO,$376.00
23A,FRACC. CAMPESTRE LAS GRANJAS,$319.00
23B,LOS ARBOLITOS,$104.00
23C,LAS ARBOLEDAS,$76.00
23C,LAS HACIENDAS,$76.00
23D,REAL DEL ALAMITO PRIMERA SECCION.,$30.00
23E,"REAL DEL ALAMITO SECC ""Z""",$73.00
23F,"REAL DEL ALAMITO SECC ""RIO BONITO""",$280.00
23G,VALLE DE SAN PEDRO,$278.00
24A,"SECTOR ""A""",$755.00
24B,"SECTOR ""B""",$687.00
24C,"SECTOR ""C""",$768.00
24C,JESUS GARCIA I Y II,$768.00
24D,"SECTOR ""D""",$764.00
24D,LOS VIŠEDOS I y II,$764.00
24E,MANUEL J. CLOUTHIER  URBANIZADO,$856.00
24F,MANUEL J. CLOUTHIER  NO URBANIZADO,$360.00
24G,SALVADOR ALVARADO,$867.00
24H,PREDIOS AL OESTE ,$20.00
24I,PREDIOS AL NORTE ,$4.00
24J,PREDIOS AL ESTE ,$44.00
24K,PREDIOS AL SUROESTE ,$4.00
24L,PREDIOS AL SUR,$17.00
24M,PREDIOS AL SUR ZONA CENTRO,$57.00
24N,VILLAS DEL NOGAL,"$1,232.00"
24O,"TRINIDAD SANCHEZ LEYVA I, II, III y IV",$420.00
25A,PARQUE INDUSTRIAL DE HERMOSILLO,"$1,049.00"
25B,"CENTRAL DE ABASTOS, MANZANAS",$948.00
25C,"CENTRAL DE ABASTOS, LOCALES COMERCIALES EN CONDOMINIO","$2,715.00"
25D,PARQUE INDUSTRIAL DE SONORA,$283.00
25J,PATIO HERMOSILLO,"$4,088.00"
,TERRENOS SIN URBANIZAR,
25E,VASO DE  LA PRESA,$254.00
25F,PONIENTE DEL PARQUE INDUSTRIAL ,$374.00
25G,AL SURORIENTE DEL PARQUE INDUSTRIAL,$123.00
25H,LOTIFICADO AL ORIENTE,$403.00
25I,AL ORIENTE PARQUE INDUSTRIAL,$158.00
26A,CAMPESTRE LOS PINOS,$15.50
27A,RANCHETES SANTA LUCIA,$26.00
27B,SANTA MONICA,$64.00
27C,PREDIOS SIN LOTIFICAR AL NORTE,$156.00
27D,PARQUE INDUSTRIAL DAMOZA,"$1,172.00"
27D,PARQUE INDUSTRIAL VIAVERTE,"$1,172.00"
28A,PUERTA REAL RESIDENCIAL,"$1,690.00"
28A,PUERTA REAL RESIDENCIAL III,"$1,690.00"
28A,PUERTA REAL RESIDENCIAL IV,"$1,690.00"
28A,PUERTA REAL RESIDENCIAL VII,"$1,690.00"
28A,PUERTA REAL RESIDENCIAL VIII,"$1,690.00"
28B,PUERTA REAL RESIDENCIAL VI,"$1,715.00"
28C,SAN BOSCO,"$1,566.00"
28C,SAN FRANCISCO,"$1,566.00"
28D,VILLA MERCEDES,"$1,292.00"
28E,SAN JUAN BOSCO II ETAPA,"$1,243.00"
28F,LIRIOS,"$1,461.00"
28G,PALMA DORADA,"$1,452.00"
28H,LA CHOLLA ,"$1,059.00"
28I,BENEI RESIDENCIAL ,"$2,191.00"
28J,LOS ARROYOS ,"$1,123.00"
28K,LOS ARROYOS (PIMH ) ,$976.00
28L,LUIS DONALDO COLOSIO,$899.00
28Q,LAS GLORIAS,$354.00
28R,UNION DE LADRILLEROS,$768.00
28S,SAN MARCOS I Y II,"$2,151.00"
28T,PUERTA REAL RESIDENCIAL V,"$1,559.00"
28V,PUERTA REAL RESIDENCIAL X,"$1,482.00"
28W,PUERTA REAL RESIDENCIAL IX,"$1,871.00"
28X,PUERTA REAL-AYUNTAMIENTO,$512.00
28Z,LAS VEREDAS,"$1,510.00"
28AE,LUIS DONALDO COLOSIO,$763.00
28AH,"LOTIF. ""EL ARENOSO""",$233.00
,POLIGONOS SIN LOTIFICAR,
28M,AL ORIENTE DE PUERTA REAL V,$376.00
28AA,AL PONIENTE DE PUERTA REAL VII,$376.00
28AB,AL PONIENTE DE PALMA DORADA,$376.00
28AC,AL ORIENTE DE SAN MARCOS,$420.00
28AD,ENTRE B QUIROGA Y LOTIF. LUIS D. COLOSIO,$741.00
28AF,PANTEON MUNICIPAL EL SAHUARO,$540.00
28AG,AL PONIENTE DEL ESPLENDOR,$567.00
28N,AEROPUERTO Y AL NORTE DE LA CHOLLA,$106.00
28O,AL PONIENTE I,$34.00
28P,AL PONIENTE II,$158.00
29A,FONHAPO,"$1,221.00"
29B,SAHUARO FINAL,"$1,221.00"
29C,SAHUARO ,"$1,112.00"
29D,PARADA CANO,"$1,270.00"
29D,SAHUARO,"$1,270.00"
29E,JEREZ DEL VALLE,"$1,259.00"
29E,VALLE DORADO,"$1,259.00"
29F,SAN ISIDRO,"$1,392.00"
29G,HACIENDA DEL SOL,"$1,455.00"
29H,PRIVADA PALMIRA,"$1,951.00"
29I,NUEVA PALMIRA ,"$1,324.00"
29J,LAS DUNAS,"$1,286.00"
29J,LAS DUNAS II,"$1,286.00"
29K,EL TRIUNFO,$894.00
29L,CAMINO REAL,"$1,406.00"
29M,NUEVO SAHUARO,"$1,155.00"
29M,PRIVADA NUEVO SAHUARO,"$1,155.00"
29N,RANCHO BONITO,"$2,091.00"
29O,BUENOS AIRES,"$1,495.00"
29P,BUENA VISTA,"$1,564.00"
29R,CONDOMINIO SAN PABLO,"$1,079.00"
29S,FLORESTA SECC. VILLA CEIBA,"$1,286.00"
29S,FLORESTA SECCION VILLA CIRUELOS,"1,286.00"
29S,FLORESTA SECCION VILLA FRESNOS,"1,286.00"
29S,FLORESTA SECCION VILLA CIPRESES,"$1,286.00"
29S,FLORESTA SECCION VILLA ALMENDROS,"$1,286.00"
29T,INTERNACIONAL,$888.00
29U,EL LLANITO,$687.00
29X,SAHUARO FINAL PIMH,"$1,281.00"
29Y,AMPLIACION LADRILLERAS,$910.00
29Z,LUIS DONALDO COLOSIO III Y IV ETAPA,$818.00
29AA,EL MIRADOR,$937.00
29AB,FLORESTA SECCION VILLA SAUCES,"$1,875.00"
29AC,OASIS LANTANA,"$1,433.00"
29AD,BUENA VISTA 2 SECC. AMANECER,"$1,586.00"
29AE,BUENA VISTA II ETAPA/ BOSCO RESIDENCIAL,"$1,906.00"
29AF,EL CHAPARRAL,$779.00
,POLIGONOS SIN URBANIZAR,
29V,PREDIOS AL SUR,$512.00
29W,PREDIOS AL NORTE,$572.00
30A,SOLIDARIDAD,$883.00
30B,SOLIDARIDAD,$954.00
30C,VILLA COLONIAL I PONIENTE,"$1,379.00"
30D,VILLAS DEL CORTIJO,"$1,215.00"
30E,EL CORTIJO,"$1,303.00"
30E,LOS MANANTIALES,"$1,303.00"
30F,EL CORTIJO UNISON,"$1,281.00"
30G,VILLA COLONIAL II ORIENTE,"$1,412.00"
30H,LA CARIDAD,"$1,303.00"
30I,VILLAS DE CORTES,"$1,368.00"
30AR,VILLAS DE CORTES SIN URBANIZAR,"$1,123.00"
30J,CERRADA CORTES,"$1,918.00"
30K,VILLA DORADA,"$1,423.00"
30L,SAN LUIS REY ,"$1,422.00"
30M,VILLAS DEL PALMAR,"$1,373.00"
30N,RINCON DE PALMAS,"$1,357.00"
30O,EL ENCANTO,"$1,226.00"
30P,JOYAS DEL BACHOCO,$256.00
30Q,PASEO DE LAS PALMAS,"$1,324.00"
30R,VILLAS RESIDENCIAL,"$1,499.00"
30AP,ARANJUEZ RESIDENCIAL,"$1,673.00"
30S,SAN SEBASTIAN,"$1,560.00"
30S,RETORNO DE LA MISIģN,"$1,560.00"
30S,CERRADA DE LA CAPILLA,"$1,560.00"
30S,HACIENDAS RESIDENCIAL,"$1,560.00"
30T,4 DE MARZO,$906.00
30U,HERBERTO CASTILLO / AMPLIACION LAS PALMAS,$796.00
30V,NUEVO HORIZONTE,"$1,309.00"
30W,PILARES,"$1,243.00"
30X,VILLA CALIFORNIA,"$2,376.00"
30AT,SANTA BARBARA ,"$2,066.00"
30Y,SANTA BARBARA IV ETAPA,"$3,205.00"
30AA,ROMANZA Y PORTAL DE ROMANZA,"$1,352.00"
30AB,LOMAS DE REFORMA,$839.00
30AC,"PREDIOS USO INDUSTRIAL, BLVD. PUEBLO NUEVO",$540.00
30AD,TORRE PLATA,"$1,957.00"
30AK,CERRADA LA CARIDAD,"$1,421.00"
30AL,PRIVADAS DEL SAUCE,"$1,345.00"
30AM,LOMAS DEL NORTE Y PARAISO,"$1,148.00"
30AN,LOS PINOS,"$1,407.00"
30AO,LA CIMA,"$2,164.00"
30AQ,EL CORTIJO PERIODISTA,$986.00
30AS,VILLAS DE ROMANZA,"$1,450.00"
30AU,SIERRA BONITA,$447.00
30AV,ALONDRAS RESIDENCIAL,"$2,218.00"
30AW,TORRALBA,"$3,117.00"
30AX,MONARCA,"$3,047.00"
30AY,SUN MALL,"$5,445.00"
30AZ,GRANADA,"$1,521.00"
,PREDIOS SIN LOTIFICAR,
30AE,AL SUR DE FRACC. LA CARIDAD,$632.00
30AF,AL ORIENTE  DE FRACC. RETORNO DE LA MISION,$501.00
30AG,AL PONIENTE DE BLVD. SOLIDARIDAD,$553.00
30AH,AL NORTE CERCA DE BLVD. SOLIDARIDAD,$233.00
30AI,AL NORTE CERCANO A CERROS,$150.00
30AJ,AL NORTE CERCA DE FRACCIONAMIENTOS,$356.00
31A,OBISPOS RESIDENCIAL,"$4,420.00"
31B,SAN ANDRES RESIDENCIAL,"$3,712.00"
31C,TERRABLANCA,"$5,199.00"
31D,SIENA RESIDENCIAL,"$5,047.00"
31E,ANDENES,"$11,282.00"
31F,HEXUS,"$12,148.00"
32A,VILLAS DEL SUR,"$1,221.00"
32B,AGAVES RESIDENCIAL,"$1,595.00"
32C,QUINTAS DEL SOL RESIDENCIAL I ETAPA,"$1,335.00"
32D,QUINTAS DEL SOL,"$1,254.00"
32E,QUINTAS DEL SOL 8a ETAPA,"$1,292.00"
32F,LOPEZ MATEOS,$743.00
32F,LAS PEREDAS,$743.00
32G,QUINTAS DEL SOL VI ETAPA,"$1,204.00"
32H,QUINTAS DEL SOL XI Y XII ETAPAS,"$1,264.00"
32I,SANTA ANITA RESIDENCIAL,"$1,630.00"
32J,QUINTA ESMERALDA ETAPA 1 Y 2,"$1,352.00"
32K,QUINTA ESMERALDA ETAPA 3,"$1,867.00"
32L,SAN FERMIN,"$1,357.00"
33A,OASIS DEL SOL,"$1,359.00"
33C,OASIS SANTA FE,"$1,417.00"
33D,OASIS PALMEIRA I y II,"$1,341.00"
33E,OASIS SOLANA,"$1,363.00"
33E,SOLERA,"$1,363.00"
33E,MONTEREAL,"$1,363.00"
33B,PREDIOS SIN URBANIZAR AL SURPONIENTE DE LAS PLACITAS,$231.00
33F,PREDIOS POR CALLEJON PLACITAS,$376.00
33G,ALREDEDOR DE PROL. BLVD. QUIROGA,$122.00
33H,MESAVERDE,"$1,466.00"
33I,RENACERES,"$1,559.00"
33J,EL ALAMO,"$2,475.00"
33K,VALLE SAN FRANCISCO RESIDENCIAL,"$3,440.00"
33L,PARCELAS EJIDO VILLA DE SERIS,$31.00
33M,PARQUE INDUSTRIAL RIO SONORA-TETAKAWI,"$1,455.00"
34A,QUINTA REAL,$965.00
34H,PUERTA ESMERALDA,"$1,183.00"
34B,PASEO REAL RESIDENCIAL I SECC,"$1,826.00"
34I,PASEO REAL RESIDENCIAL II SECC,"$1,521.00"
34J,SOLEIL RESIDENCIAL,"$1,777.00"
34C,REAL DE CARMEN V SECCION,"$1,432.00"
34D,AZORES RESIDENCIAL,"$2,830.00"
34E,CASA REAL,$807.00
34F,POLIGONOS SIN URBANIZAR,$222.00
34G,LOTIFICACION EJIDO VILLA DE SERIS,$649.00
34K,FLORENZA RESIDENCIAL Y FLORENZA PLUS,"$2,049.00"
34L,CEZANNE RESIDENCIAL,"$2,187.00"
34M,MONET RESIDENCIAL,"$2,913.00"
34N,SORENTO RESIDENCIAL,"$2,616.00"
34O,FINCA SANTA MARIA,"$3,335.00"
35A,VILLA DE LOS CORCELES,"$3,730.00"
35B,VALLE DEL LAGO II,"$4,567.00"
35B,AMPLIACION VALLE DEL LAGO,"$4,567.00"
35C,PORTAL DEL LAGO,"$3,188.00"
35D,URBI VILLA DEL PRADO,"$1,270.00"
35D,URBI VILLA CAMPESTRE,"$1,270.00"
35E,VILLA LOURDES,"$2,530.00"
35E,VALLE DE ARANDAS,"$2,530.00"
35F,GENOVA RESIDENCIAL,"$2,502.00"
35H,CATAVIŠA RESIDENCIAL,"$4,055.00"
35I,CORCELES RESIDENCIAL SECC. HIPICO,"$3,853.00"
35J,VALLE DEL LAGO ETAPA V,"$4,633.00"
35K,PUNTA DEL LAGO,"$3,526.00"
35L,LOTIF. CAMINO DEL SERI,$952.00
35M,LAGO ESCONDIDO FTE. CAMPO DE GOLF,"$6,513.00"
35P,LAGO ESCONDIDO INTERIOR,"$5,913.00"
35N,RIVELLO,"$5,237.00"
35N,RIVELLO III,"$5,237.00"
35O,CORSICA,"$3,400.00"
35Q,ALEGRANZA RESIDENCIAL,"$2,004.00"
35R,CASTELLO RESIDENCIAL,"$4,700.00"
35S,REAL DE TOLEDO,"$3,795.00"
35T,CONCORDIA RESIDENCIAL,"$5,135.00"
35U,LA GRAN RESERVA de Lago Escondido,"$7,535.00"
35V,SAN MARINO RESIDENCIAL,"$3,119.00"
35Z,ALTA RIVIERA RESIDENCIAL,"$6,415.00"
35AA,TEJARES,"$6,317.00"
35AB,PRAGA,"$2,295.00"
35AC,MONTE DE CALABRIA I ETAPA,"$4,450.00"
,POLIGONOS SIN LOTIFICAR,
35G,RIO SONORA AL PONIENTE DEL BLVD QUIROGA,$99.00
35W,RIO SONORA AL ORIENTE DEL BLVD QUIROGA,$216.00
35X,AL SUR Y AL PONIENTE DE VILLA BONITA,$665.00
35Y,AL NORTE DEL VILLA DEL PRADO,$139.00
36A,TIERRA NUEVA,"$1,308.00"
36A,CASA ALTA ,"$1,308.00"
36A,"PUERTA DEL REY ETAPA I, II,III Y VI","$1,308.00"
36B,"LA CAMPIŠA ETAPAS III,IV Y V","$1,581.00"
36C,VILLA MERLOT RESIDENCIAL,"$2,447.00"
36D,POLIGONOS SIN LOTIFICAR,$111.00
36E,PASEOS DEL PEDREGAL I y II,"$1,270.00"
36F,NUEVA VICTORIA II ETAPA,"$1,134.00"
36G,AMPLIACIģN EL MIRADOR,$899.00
36H,AMPLIACIģN  LOS PINOS,"$1,441.00"
36I,LAURA ALICIA FRIAS DE LOPEZ NOGALES,$833.00
36I,NUEVO DESIERTO,$833.00
36J,VILLA VERDE III Y IV,"$1,221.00"
36K,TIERRA COLORADA,"$1,335.00"
36L,BICENTENARIO RESIDENCIAL,"$1,352.00"
36M,SOLIDARIDAD OCCIDENTAL,$905.00
36M,SOLIDARIDAD VI ETAPA,$905.00
36M,SOLIDARIDAD VIII ETAPA,$905.00
36N,FUENTE DE PIEDRA,"$1,412.00"
36N,PARQUE CENTRAL,"$1,412.00"
36N,TORRE DE PIEDRA,"$1,412.00"
36N,CANTABRIA,"$1,412.00"
36O,PARQUE INDUSTRIAL HERMOSILLO NORTE,"$1,003.00"
36P,HECTOR FRANCISCO ROMERO ETAPA II,$382.00
36Q,NATURA,"$2,010.00"
36R,"PRIVADAS DEL REY 1,2 y 3","$1,570.00"
36T,MONTESINOS,"$2,675.00"
36U,JARDIN REAL,"$2,570.00"
36V,MONTEREGIO RESIDENCIAL 1a SECCION,"$2,425.00"
36X,MACHI LOPEZ,$921.00
37A,POLIGONOS AL SUR DE NUEVO HERMOSILLO,$138.00
37B,POLIGONOS A L SUR DE P. INDUSTRIAL DYNATECH,$66.00
37C,BONANZA RESIDENCIAL,"$2,127.00"
37D,"ALTARES II y III, AMPLIACION ALTARES",$747.00
37E,CASTELINA,"$1,900.00"
37F,PARQUE INDUSTRIAL DYNATECH SUR,"$1,204.00"
37G,BELMONTE,"$1,962.00"
38A,POLIGONOS EN LA CARIDAD,$234.00
38B,URBI VILLA DEL CEDRO,"$2,090.00"
38B,URBI VILLA LOS FRESNOS,"$2,090.00"
38C,VELAS RESIDENCIAL,"$3,561.00"
38D,CANTERAS RESIDENCIAL,"$2,290.00"
38E,PRIVADAS DEL CID,"$3,550.00"
38E,CATANIA,"$3,550.00"
38F,BILBAO RESIDENCIAL,"$2,300.00"
38G,ALTARIA Y ALTARIA NORTE,"$4,028.00"
38H,REAL DE PALMAS,"$2,098.00"
39A,PREDIOS AL PONIENTE DEL CAMINO A CENTRAL UNION FENOSA,$202.00
39B,PARQUE INDUSTRIAL NEPO,$420.00
40A,POLIGONOS SIN URBANIZAR AL ESTE Y NORTE DEL CERRO DE APACHE,$463.00
40B,EL TRAPICHE,$376.00
40C,POLIGONOS AL NORTE DEL CAMINO DEL SERI,$681.00
40D,COL. CAMINO DEL SERI,$943.00
40E,BARCELONA RESIDENCIAL,"$3,837.00"
40F,SEDONA RESIDENCIAL,"$5,535.00"
40G,AUREA RESIDENCIAL,"$4,115.00"
40H,KYO UPDAY,"$4,153.00"
41A,ALAMEDA LOS ENCINOS RESIDENCIAL II,"$2,115.00"
42A,PUERTA DEL SOL,$319.00
42B,UNION DE PRODUCTORES DE LADRILLO,$100.00
42B,UNION 17 DE JULIO,$100.00
42C,LAS ACACIAS,"$3,155.00"
42D,LA ANTORCHA,$376.00
42E,CALIFORNIA RESIDENCIAL II,"$1,985.00"
42F,CALIFORNIA RESIDENCIAL III,"$1,915.00"
42G,SALAMANCA RESIDENCIAL I ETAPA,"$2,865.00"
42H,SALAMANCA RESIDENCIAL  II ETAPA (CONDOMINAL),"$3,831.00"
42I,COLONIA CAJEME,$98.00
42J,ALBATERRA 1a ETAPA,"$2,475.00"
43A,POMONA CONDOMINAL,"$2,500.00"
44A,CAMPESTRE CERRO COLORADO LOTIFICADO,$600.00
44B,CAMPESTRE CERRO COLORADO SIN LOTIF.,$21.00
50A,POBLADO LA MANGA,"$1,139.00"
50B,POBLADO EL LLANO,$954.00
50C,MONTEBELLO RESIDENCIAL,"$3,652.00"
50D,REAL DEL LLANO,"$1,564.00"
50E,REAL DEL LLANO,"$1,818.00"
50F,PASEO DE LAS MISIONES,"$4,235.00"
50AA,LA ENCANTADA,"$4,529.00"
50G,LA RIOJA,"$5,134.00"
50H,QUINTA EMILIA,"$1,033.00"
50I,ZONA UNO LA MANGA,"$1,875.00"
50V,EL CONQUISTADOR RESIDENCIAL,"$4,145.00"
50X,RESIDENCIAL LOS SANTOS,"$4,845.00"
50Y,LAS PROVINCIAS,"$4,160.00"
50Z,CAMPOGRANDE RESIDENCIAL,"$3,960.00"
50AB,SALVATIERRA,"$4,573.00"
50AC,REAL DE SEVILLA,"$5,130.00"
50AD,LOTIFICACION (EL CHANATE),$561.00
50AF,LA CORUŠA,"$5,739.00"
50AG,SANTA CRUZ,"$4,534.00"
50AH,REAL DE SEVILLA 3a ETAPA 2a SECC,"$5,367.00"
50AI,EL SECRETO RESIDENCIAL,"$5,080.00"
50AJ,REAL DE CASTILLA ,"$5,085.00"
50AK,REAL DE CASTILLA 2a ETAPA,"$5,330.00"
50AM,ALTOZANO,"$1,581.00"
50AN,LA CORUŠA PORTONOVO Y ALMAR,"$5,678.00"
50AO,PRIVADA DALÖ,"$4,573.00"
50AP,BONATERRA,"$5,235.00"
50AQ,PRADO DEL VENADO,"$4,635.00"
50AQ,PRADO DEL CIMARRON,"$4,635.00"
50AR,BASALTO RESIDENCIAL I y II ETAPAS,"$5,125.00"
50AS,BASALTO RESIDENCIAL III ETAPA,"$6,630.00"
50AT,BASALTO RESIDENCIAL IV ETAPA,"$1,581.00"
50AU,CUMBRE DE LA ALONDRA,"$4,495.00"
50AU,CUMBRE DEL HALCON,"$4,495.00"
50AV,VALLE DEL ZORRO,"$4,430.00"
50AW,CUMBRE DEL TECOLOTE,"$4,430.00"
50AX,VALLE DEL CONEJO,"$4,573.00"
50AY,CUMBRE DEL PUMA,"$4,573.00"
50AZ,VILLA UNIVERSITARIA,"$3,510.00"
50BA,ALTOZANO (CENTRO DE CIUDAD-TORRE ENCINOS),"$9,952.00"
,PREDIOS SIN LOTIFICAR,
50J,CERCA DE CERROS AL SUR,$409.00
50K,AL SUR DEL POB LA MANGA,$736.00
50L,AL PONIENTE DE BLVD. QUIROGA Y AL SUR DE BLVD COLOSIO,$862.00
50M,AL ORIENTE DE BLVD. QUIROGA Y AL SUR DE BLVD COLOSIO,$861.00
50N,ALREDEDOR DE FRACC PASEO DE LAS MISIONES,"$2,055.00"
50O,AL SUR DE BLVD. GARCIA MORALES Y AL PONIENTE DE REAL DE QUIROGA,$719.00
50P,AL NORTE DE BLVD. COLOSIO AL ORIENTE DE BVLD. QUIROGA,"$2,158.00"
50Q,ENTRE QUINTA EMILIA Y EL LLANO,$916.00
50R,SEMINARIO MAYOR Y ALREDEDOR DE CAPISTRANO,"$1,204.00"
50S,PREDIOS INTERIORES AL SUR GARCIA MORALES Y EL PONIENTE DEL BLVD. SOLIDARIDAD,"$1,439.00"
50T,PREDIOS AL SUR DE LAS QUINTAS,"$1,041.00"
50AE,PREDIOS SIN LOTIFICAR ALREDEDOR DE LA CORUŠA,$736.00
50U,PASEO RIO SONORA,"$1,967.00"
50W,AL PONIENTE FRACC. V. DE CORCELES Y AL SUR DE PROL. COLOSIO,$556.00
50AL,SECTOR OESTE,$57.00
51A,PARQUE INDUSTRIAL DYNATECH,"$2,251.00"
51B,PARQUE INDUSTRIAL LA LABOR,"$1,063.00"
51C,PARQUE INDUSTRIAL CAMINO AL PANTEON,"$1,439.00"
51D,TECNOLOGICO,$741.00
51E,CASA BONITA  RESIDENCIAL,"$1,553.00"
51F,EL ESPLENDOR,"$2,393.00"
51G,PLAZAS COMERCIALES ,"$4,720.00"
51L,PLAZA LEY SAHUARO,"$5,785.00"
51M,MURANO RESIDENCIAL,"$2,371.00"
51N,PARQUE INDUSTRIAL LATITUD,"$1,003.00"
51O,STANZA ,"$2,785.00"
51P,TOPACIO,"$3,346.00"
51Q,CASA BONITA II,"$1,700.00"
51R,BODEGAS FINLOGIC CONDOMINAL,"$1,095.00"
,PREDIOS SIN LOTIFICAR,
51H,PREDIOS AL PONIENTE DEL P. INDUSTRIAL,$638.00
51I,AL PONIENTE DE BLVD. QUIROGA,"$2,098.00"
51J,AL NORTE BLVD GARCIA MORALES,"$1,155.00"
51K,TERRENOS DE LA SCT,"$1,613.00"
52A,INSURGENTES,"$1,068.00"
52B,COLINAS,"$3,047.00"
52C,CUARTEL XV,"$3,079.00"
52G,MONTEROSA RESIDENCIAL,"$5,725.00"
52H,CµRDENO RESIDENCIAL,"$3,700.00"
52I,CµRDENO RESIDENCIAL ETAPA II,"$4,264.00"
52I,CARDENO BERMELLON,"$4,264.00"
52J,VISTA AZUL RESIDENCIAL,"$3,472.00"
52K,LA MIRADA,"$5,970.00"
,PREDIOS SIN LOTIFICAR,
52D,POLIGONOS AL NORTE ,$90.00
52E,ALREDEDOR DE BLVD. PROGRESO,$894.00
52F,CERROS AL ORIENTE,$22.00
53A,SAN PEDRO  ZONA CENTRO,$382.00
53B,SAN PEDRO AL NORTE,$234.00
53C,SAN PEDRO AL SUR DE CARRETERA A URES,$262.00
53D,SAN PEDRO AL SUR DE CALLE CUAUHTEMOC,$210.00
53E,EL SAUCITO,$144.00
53F,SAN PEDRO POLIGONOS AL SUR,$118.00
54A,MESA DEL SERI,$262.00
54B,HACIENDA DE LOS VALENCIA,$431.00
55A,EL TRONCONAL,$161.00
55B,SANTA LUCINA,$161.00
55C,CHULA VISTA,$151.00
55D,CAMPESTRE EL ALAMO,$134.00
55D,EL ALAMITO,$134.00
55E,LOTIF. CAMPESTRE PARC 23,$106.00
56A,LAS PLACITAS,$305.00
57A,PLAN DE AYALA,$40.00
59A,TOPAHUE,$146.00
60A,LAS CUATAS,$227.00
61A,LA LABOR,$24.00
62A,4 DE OCTUBRE,$25.00
63A,EL ZACATON,$92.00
63B,CAMPESTRE CASABLANCA,$117.00
64A,SAN JUAN Y EL PINITO,$22.00
64B,ALTARENA,$660.00
65A,HERMANOS SERDAN,$16.00
66A,EJIDO EL TRIUNFO,$222.00
67A,LA YESCA,$65.00
68A,SAN JOSE DE GRACIA,$56.00
69A,VICENTE GUERRERO,$26.00
70A,NUEVO SUAQUI AGRICOLA,$26.00
71A,MANUEL AVILA CAMACHO,$26.00
72A,SUAQUI DE LA CANDELARIA,$34.00
73A,SAN LUIS,$59.00
74A,LA HABANA 1,$56.00
74A,LA HABANA 2,$56.00
74A,LA HABANA 3,$56.00
75A,MOLINO DE CAMOU,$144.00
76A,ESTACION ZAMORA,$213.00
77A,IGNACIO ZARAGOZA,$19.00
78A,EL COLORADO,$190.00
79A,EL CHOYUDO,$33.00
80A,TRES PUEBLOS,$16.00
81A,ALEJANDRO CARRILLO,$57.00
82A,JACINTO LOPEZ,$16.00
83A,LA COLMENA,$117.00
84A,FRANCISCO ARISPURO,$17.00
85A,SAN BARTOLO,$108.00
86A,SAN JUAN,$80.00
87A,LOS POCITOS,$27.00
88A,SALVADOR ALVARADO,$16.00
88B,"EL TOJUNGO FRACC. 3, 6 Y 8",$11.00
88C,LA PEAŠA,$145.00
88D,GRANDES FINCAS - STA. GERMANA,$14.00
89A,CAMPESTRE OCOTILLO,$37.00
90A,SAN JUANICO,$16.00
91A,EL GUAYPARIN,$24.00
92A,EL CRUCERO,$61.00
93A,EL CARMEN,$47.00
93B,CAMPO CLUB ALPINOS,$99.00
93C,EL CARMEN PARCELAS,$22.00
94A,REAL DEL CATORCE,$191.00
95A,HACIENDA DE LOS TESOROS,$141.00
95B,PUEBLO DORADO,$566.00
96A,SAN MIGUEL,$76.00
97A,LA HERRADURA,$180.00
